FECHA;RUC;PROVEEDOR;PRODUCTO;CANTIDAD
13/03/2020;20109161609;ROKER PERU SA;DETERGENTE ENZIMATICO CON 4 ENZIMAS;4600
13/03/2020;20501543277;ALKOFARMA E.I.R.L.;ALCOHOL ETILICO (ETANOL) 70º X 1 L;51400
13/03/2020;20505719396;Q-MEDICAL S.A.C;MAMELUCO DESCARTABLE TALLA L;5000
13/03/2020;20555589574;L & M MEDICAL SUPPLIES SOCIEDAD ANONIMA CERRADA;KIT DE ROPA DESCARTABLE PARA CIRUGIA X 6 PIEZAS;57960
13/03/2020;20506248036;ALKHOFAR SOCIEDAD ANONIMA CERRADA;GUANTE PARA EXAMEN DESCARTABLE DE NITRILO SIN POLVO TALLA S;184000
13/03/2020;20338022850;DROCSA E.I.R.L.;MASCARILLA DESCARTABLE QUIRURGICA 3 PLIEGUES;1300000
13/03/2020;20504575919;IMPORTACIONES ALPES PERU SOCIEDAD ANONIMA CERRADA;BOTA DESCARTABLE CUBRE CALZADO PARA CIRUJANO;12880
13/03/2020;20424084418;KA 'LINSON PERU S.A.C.;PROTECTOR OCULAR DE PLÁSTICO DESCARTABLE TRANSPARENTE ADULTO;3230
13/03/2020;20555553626;EQUIPOS PROIN S.A.C.;PROTECTOR OCULAR DE PLÁSTICO DESCARTABLE TRANSPARENTE ADULTO;36800
13/03/2020;20109161609;ROKER PERU SA;DESINFECTANTE PARA SUPERFICIES ALTAS X 750 mL;14720
13/03/2020;20109161609;ROKER PERU SA;JABON GERMICIDA LIQUIDO CON TRICLOSAN X 1 L;11200
13/03/2020;20109161609;ROKER PERU SA;GEL ANTIBACTERIAL PARA MANOS X 1 L APROX.;82800
13/03/2020;20109161609;ROKER PERU SA;CLORHEXIDINA GLUCONATO 2 g/100 mL SOLUCIÓN CON DISPENSADOR DE CIRCUITO 1 L;14000
13/03/2020;20424084418;KA 'LINSON PERU S.A.C.;ANTEOJOS GAFAS PROTECTORAS TRANSPARENTES;4500
16/03/2020;20504905137;MEDICAL FULL IMPORT S.A.;GUANTE QUIRURGICO ESTERIL DESCARTABLE Nº 6 1/2;23000
16/03/2020;20506248036;ALKHOFAR SOCIEDAD ANONIMA CERRADA;GUANTE QUIRURGICO ESTERIL DESCARTABLE Nº 6 1/2;23000
16/03/2020;20504905137;MEDICAL FULL IMPORT S.A.;GUANTE QUIRURGICO ESTERIL DESCARTABLE Nº 8;890
16/03/2020;20504905137;MEDICAL FULL IMPORT S.A.;GUANTE QUIRURGICO ESTERIL DESCARTABLE Nº  7;1790
16/03/2020;20506248036;ALKHOFAR SOCIEDAD ANONIMA CERRADA;GUANTE PARA EXAMEN DESCARTABLE DE NITRILO SIN POLVO TALLA L;130000
16/03/2020;20504575919;IMPORTACIONES ALPES PERU SOCIEDAD ANONIMA CERRADA;GUANTE PARA EXAMEN DESCARTABLE DE NITRILO SIN POLVO TALLA L;358000
17/03/2020;20338022850;DROCSA E.I.R.L.;GORRO QUIRURGICO DESCARTABLE;322000
17/03/2020;20424084418;KA 'LINSON PERU S.A.C.;PROTECTOR OCULAR DE PLÁSTICO DESCARTABLE TRANSPARENTE ADULTO;270
18/03/2020;20338022850;DROCSA E.I.R.L.;"MANDIL DESCARTABLE NO ESTERIL TALLA ""L""";50000
18/03/2020;20437337536;REGIANZ S.R.L;MAMELUCO DESCARTABLE TALLA M;2500
18/03/2020;20437337536;REGIANZ S.R.L;MAMELUCO DESCARTABLE TALLA L;7475
18/03/2020;20555589574;L & M MEDICAL SUPPLIES SOCIEDAD ANONIMA CERRADA;PANTALÓN DESCARTABLE TALLA L;20000
18/03/2020;20504905137;MEDICAL FULL IMPORT S.A.;GUANTE PARA EXAMEN DESCARTABLE DE NITRILO SIN POLVO TALLA M;184000
18/03/2020;20555589574;L & M MEDICAL SUPPLIES SOCIEDAD ANONIMA CERRADA;PANTALÓN DESCARTABLE TALLA M;20000
18/03/2020;20555589574;L & M MEDICAL SUPPLIES SOCIEDAD ANONIMA CERRADA;PANTALÓN DESCARTABLE TALLA S;20000
18/03/2020;20555589574;L & M MEDICAL SUPPLIES SOCIEDAD ANONIMA CERRADA;CHAQUETA DESCARTABLE TALLA M;20000
18/03/2020;20555589574;L & M MEDICAL SUPPLIES SOCIEDAD ANONIMA CERRADA;CHAQUETA DESCARTABLE TALLA S;20000
18/03/2020;20555589574;L & M MEDICAL SUPPLIES SOCIEDAD ANONIMA CERRADA;CHAQUETA DESCARTABLE TALLA L;20000
19/03/2020;20504905137;MEDICAL FULL IMPORT S.A.;GUANTE PARA EXAMEN DESCARTABLE DE NITRILO SIN POLVO TALLA S;304000
19/03/2020;20555589574;L & M MEDICAL SUPPLIES SOCIEDAD ANONIMA CERRADA;"MANDIL DESCARTABLE NO ESTERIL TALLA ""L""";84000
19/03/2020;20555589574;L & M MEDICAL SUPPLIES SOCIEDAD ANONIMA CERRADA;MANDIL DESCARTABLE NO ESTÉRIL;46000
19/03/2020;20523717759;R & G SEGURIDAD E HIGIENE INDUSTRIAL S.A.C.;MASCARILLA DESCARTABLE QUIRURGICA 3 PLIEGUES;4670000
19/03/2020;20602830307;DROGUERIA FAVETEX S.A.C.;PANTALÓN DESCARTABLE TALLA L;40000
19/03/2020;20602830307;DROGUERIA FAVETEX S.A.C.;PANTALÓN DESCARTABLE TALLA S;40000
19/03/2020;20338022850;DROCSA E.I.R.L.;GORRO QUIRURGICO DESCARTABLE;342400
19/03/2020;20555589574;L & M MEDICAL SUPPLIES SOCIEDAD ANONIMA CERRADA;MANDIL DESCARTABLE NO ESTÉRIL;36800
19/03/2020;20602830307;DROGUERIA FAVETEX S.A.C.;CHAQUETA DESCARTABLE TALLA M;40000
19/03/2020;20602830307;DROGUERIA FAVETEX S.A.C.;CHAQUETA DESCARTABLE TALLA S;40000
19/03/2020;20602830307;DROGUERIA FAVETEX S.A.C.;PANTALÓN DESCARTABLE TALLA M;40000
19/03/2020;20506248036;ALKHOFAR SOCIEDAD ANONIMA CERRADA;GUANTE PARA EXAMEN DESCARTABLE TALLA M;4900000
19/03/2020;20602830307;DROGUERIA FAVETEX S.A.C.;CHAQUETA DESCARTABLE TALLA L;40000
20/03/2020;20424084418;KA 'LINSON PERU S.A.C.;MAMELUCO DESCARTABLE TALLA L;2000
20/03/2020;20424084418;KA 'LINSON PERU S.A.C.;MAMELUCO DESCARTABLE TALLA M;4750
20/03/2020;20216528141;PROSEMEDIC SOCIEDAD ANONIMA CERRADA;GUANTE QUIRURGICO ESTERIL DESCARTABLE Nº 8;30000
20/03/2020;20600740114;CORPORACION LANUS S.A.C.;GUANTE QUIRURGICO ESTERIL DESCARTABLE Nº 8;10050
20/03/2020;20555589574;L & M MEDICAL SUPPLIES SOCIEDAD ANONIMA CERRADA;"MANDIL DESCARTABLE NO ESTERIL TALLA ""L""";50000
20/03/2020;20555589574;L & M MEDICAL SUPPLIES SOCIEDAD ANONIMA CERRADA;MANDIL DESCARTABLE NO ESTÉRIL;46000
20/03/2020;20555589574;L & M MEDICAL SUPPLIES SOCIEDAD ANONIMA CERRADA;MANDIL DESCARTABLE NO ESTÉRIL;36800
20/03/2020;20476029474;SIGMA ENTERPRISES PERU S.A.C.;GUANTE QUIRURGICO ESTERIL DESCARTABLE Nº 8;22700
20/03/2020;20216528141;PROSEMEDIC SOCIEDAD ANONIMA CERRADA;GUANTE QUIRURGICO ESTERIL DESCARTABLE Nº  7;80000
20/03/2020;20600740114;CORPORACION LANUS S.A.C.;GUANTE PARA EXAMEN DESCARTABLE DE NITRILO SIN POLVO TALLA M;304000
20/03/2020;20476029474;SIGMA ENTERPRISES PERU S.A.C.;GUANTE QUIRURGICO ESTERIL DESCARTABLE Nº  7;63900
20/03/2020;20504575919;IMPORTACIONES ALPES PERU SOCIEDAD ANONIMA CERRADA;BOTA DESCARTABLE CUBRE CALZADO PARA CIRUJANO;1600
20/03/2020;20504905137;MEDICAL FULL IMPORT S.A.;GUANTE QUIRURGICO ESTERIL DESCARTABLE Nº 6 1/2;135000
20/03/2020;20504905137;MEDICAL FULL IMPORT S.A.;GUANTE PARA EXAMEN DESCARTABLE DE NITRILO SIN POLVO TALLA S;162000
20/03/2020;20109161609;ROKER PERU SA;DETERGENTE ENZIMATICO CON 4 ENZIMAS;2400
20/03/2020;20437337536;REGIANZ S.R.L;TRAJE ENCAPSULADO PARA PROTECCIÓN CONTRA MATERIALES PELIGROSOS TALLA XL;3800
20/03/2020;20437337536;REGIANZ S.R.L;TRAJE ENCAPSULADO PARA PROTECCION CONTRA MATERIALES PELIGROSOS TALLA L;7400
20/03/2020;20437337536;REGIANZ S.R.L;TRAJE ENCAPSULADO PARA PROTECCION CONTRA MATERIALES PELIGROSOS TALLA M;2000
20/03/2020;20131529181;SEGURINDUSTRIA S.A.;CARETA PROTECTORA DE POLICARBONATO;6000
20/03/2020;20109161609;ROKER PERU SA;GEL ANTIBACTERIAL PARA MANOS X 1 L APROX.;41500
20/03/2020;20109161609;ROKER PERU SA;JABON GERMICIDA LIQUIDO CON TRICLOSAN X 1 L;19700
20/03/2020;20602403867;POLYSTAR PERU S.A.C.;PAPEL TOALLA HOJA SIMPLE NATURAL X 300 m;10360
20/03/2020;20109161609;ROKER PERU SA;DESINFECTANTE PARA SUPERFICIES ALTAS X 750 mL;7000
20/03/2020;20266352337;PRODUCTOS TISSUE DEL PERU S.A.C - PROTISA-PERU;PAPEL TOALLA HOJA SIMPLE NATURAL X 300 m;4300
20/03/2020;20109161609;ROKER PERU SA;GEL ANTIBACTERIAL PARA MANOS X 120 mL APROX.;400
20/03/2020;20109161609;ROKER PERU SA;GEL ANTIBACTERIAL PARA MANOS X 250 mL APROX.;200
20/03/2020;20109161609;ROKER PERU SA;GEL ANTIBACTERIAL PARA MANOS X 120 mL APROX.;37300
20/03/2020;20109161609;ROKER PERU SA;GEL ANTIBACTERIAL PARA MANOS X 250 mL APROX.;20000
20/03/2020;20109161609;ROKER PERU SA;CLORHEXIDINA GLUCONATO 2 g/100 mL SOLUCIÓN CON DISPENSADOR DE CIRCUITO 1 L;15340
23/03/2020;20424084418;KA 'LINSON PERU S.A.C.;ANTEOJOS GAFAS PROTECTORAS TRANSPARENTES;1622
23/03/2020;20424084418;KA 'LINSON PERU S.A.C.;MAMELUCO DESCARTABLE TALLA L;1750
23/03/2020;20424084418;KA 'LINSON PERU S.A.C.;MAMELUCO DESCARTABLE TALLA M;11400
24/03/2020;20501543277;ALKOFARMA E.I.R.L.;ALCOHOL ETILICO (ETANOL) 70º X 1 L;31400
24/03/2020;20501543277;ALKOFARMA E.I.R.L.;ALCOHOL ETILICO (ETANOL) 70º X 1 L;8400
24/03/2020;20555589574;L & M MEDICAL SUPPLIES SOCIEDAD ANONIMA CERRADA;CHAQUETA DESCARTABLE TALLA M;40000
24/03/2020;20555589574;L & M MEDICAL SUPPLIES SOCIEDAD ANONIMA CERRADA;CHAQUETA DESCARTABLE TALLA L;40000
24/03/2020;20506248036;ALKHOFAR SOCIEDAD ANONIMA CERRADA;GUANTE PARA EXAMEN DESCARTABLE TALLA M;2000000
24/03/2020;20600740114;CORPORACION LANUS S.A.C.;GUANTE PARA EXAMEN DESCARTABLE TALLA M;1004000
24/03/2020;20600740114;CORPORACION LANUS S.A.C.;GUANTE PARA EXAMEN DESCARTABLE TALLA M;50000
24/03/2020;20506248036;ALKHOFAR SOCIEDAD ANONIMA CERRADA;GUANTE PARA EXAMEN DESCARTABLE DE NITRILO SIN POLVO TALLA S;104300
24/03/2020;20555589574;L & M MEDICAL SUPPLIES SOCIEDAD ANONIMA CERRADA;KIT DE ROPA DESCARTABLE PARA CIRUGIA X 6 PIEZAS;6600
24/03/2020;20131529008;SEKUR PERU S.A.;MASCARILLA DESCARTABLE TIPO N-95;2000
24/03/2020;20131529008;SEKUR PERU S.A.;MASCARILLA DESCARTABLE TIPO N-95;2000
25/03/2020;20600740114;CORPORACION LANUS S.A.C.;GUANTE QUIRURGICO ESTERIL DESCARTABLE Nº  7;128000
25/03/2020;20419385442;UTILITARIOS MEDICOS S.A.C.;ALGODÓN HIDRÓFILO X 500 g;3000
25/03/2020;20509882101;CORPORACION ALESSANDRA S.A.C.;ALGODÓN HIDRÓFILO X 500 g;2740
25/03/2020;20511914125;SOLTRAK S.A.;PROTECTOR OCULAR DE PLÁSTICO DESCARTABLE TRANSPARENTE ADULTO;771
25/03/2020;20509882101;CORPORACION ALESSANDRA S.A.C.;GUANTE PARA EXAMEN DESCARTABLE DE NITRILO SIN POLVO TALLA L;145200
25/03/2020;20266352337;PRODUCTOS TISSUE DEL PERU S.A.C - PROTISA-PERU;PAPEL TOALLA HOJA SIMPLE NATURAL X 300 m;16820
26/03/2020;20266352337;PRODUCTOS TISSUE DEL PERU S.A.C - PROTISA-PERU;PAPEL TOALLA HOJA SIMPLE NATURAL X 300 m;15090
26/03/2020;20601057124;INVERSIONES FERMEDIC E.I.R.L.;TRAJE ENCAPSULADO PARA PROTECCION CONTRA MATERIALES PELIGROSOS TALLA M;4500
26/03/2020;20131529181;SEGURINDUSTRIA S.A.;TRAJE ENCAPSULADO PARA PROTECCION CONTRA MATERIALES PELIGROSOS TALLA L;4500
26/03/2020;20131529181;SEGURINDUSTRIA S.A.;TRAJE ENCAPSULADO PARA PROTECCION CONTRA MATERIALES PELIGROSOS TALLA M;3700
26/03/2020;20601057124;INVERSIONES FERMEDIC E.I.R.L.;TRAJE ENCAPSULADO PARA PROTECCION CONTRA MATERIALES PELIGROSOS TALLA M;1500
26/03/2020;20131529181;SEGURINDUSTRIA S.A.;TRAJE ENCAPSULADO PARA PROTECCIÓN CONTRA MATERIALES PELIGROSOS TALLA  XL;4500
26/03/2020;20424084418;KA 'LINSON PERU S.A.C.;EQUIPO RESPIRADOR PURIFICADOR DE AIRE FORZADO;19
26/03/2020;20555589574;L & M MEDICAL SUPPLIES SOCIEDAD ANONIMA CERRADA;PANTALÓN DESCARTABLE TALLA M;40000
26/03/2020;20600420063;DISTRIBUIDORA DE PRODUCTOS DESCARTABLES S.A.C.;"MANDIL DESCARTABLE NO ESTERIL TALLA ""L""";45000
26/03/2020;20600420063;DISTRIBUIDORA DE PRODUCTOS DESCARTABLES S.A.C.;MANDIL DESCARTABLE NO ESTÉRIL;40000
26/03/2020;20600420063;DISTRIBUIDORA DE PRODUCTOS DESCARTABLES S.A.C.;MANDIL DESCARTABLE NO ESTÉRIL;12675
26/03/2020;20555589574;L & M MEDICAL SUPPLIES SOCIEDAD ANONIMA CERRADA;PANTALÓN DESCARTABLE TALLA XL;6000
26/03/2020;20555589574;L & M MEDICAL SUPPLIES SOCIEDAD ANONIMA CERRADA;PANTALÓN DESCARTABLE TALLA L;40000
26/03/2020;20555589574;L & M MEDICAL SUPPLIES SOCIEDAD ANONIMA CERRADA;PANTALÓN DESCARTABLE TALLA S;13600
26/03/2020;20602403867;POLYSTAR PERU S.A.C.;GUANTE PARA EXAMEN DESCARTABLE DE NITRILO SIN POLVO TALLA M;99200
26/03/2020;20600420063;DISTRIBUIDORA DE PRODUCTOS DESCARTABLES S.A.C.;BOTA DESCARTABLE;20400
26/03/2020;20600420063;DISTRIBUIDORA DE PRODUCTOS DESCARTABLES S.A.C.;BOTA DESCARTABLE;19600
26/03/2020;20600420063;DISTRIBUIDORA DE PRODUCTOS DESCARTABLES S.A.C.;CHAQUETA DESCARTABLE TALLA S;10000
26/03/2020;20600420063;DISTRIBUIDORA DE PRODUCTOS DESCARTABLES S.A.C.;CHAQUETA DESCARTABLE TALLA S;13600
26/03/2020;20600420063;DISTRIBUIDORA DE PRODUCTOS DESCARTABLES S.A.C.;BATA DESCARTABLE SIMPLE NO ESTERIL;14000
26/03/2020;20600420063;DISTRIBUIDORA DE PRODUCTOS DESCARTABLES S.A.C.;CHAQUETA DESCARTABLE TALLA XL;6000
26/03/2020;20600420063;DISTRIBUIDORA DE PRODUCTOS DESCARTABLES S.A.C.;CHAQUETA DESCARTABLE TALLA L;61000
26/03/2020;20600420063;DISTRIBUIDORA DE PRODUCTOS DESCARTABLES S.A.C.;CHAQUETA DESCARTABLE TALLA M;68000
26/03/2020;20504575919;IMPORTACIONES ALPES PERU SOCIEDAD ANONIMA CERRADA;GORRO QUIRURGICO DESCARTABLE;206000
26/03/2020;20523717759;R & G SEGURIDAD E HIGIENE INDUSTRIAL S.A.C.;MASCARILLA DESCARTABLE QUIRURGICA 3 PLIEGUES;4500000
27/03/2020;30556212703;DENTILAB S.A. DE C.V.;GUANTE QUIRURGICO ESTERIL DESCARTABLE Nº  7;1600000
27/03/2020;20503662869;TAGUMEDICA S.A.;GUANTE QUIRURGICO ESTERIL DESCARTABLE Nº 8;16000
27/03/2020;20503662869;TAGUMEDICA S.A.;GUANTE QUIRURGICO ESTERIL DESCARTABLE Nº  7;40000
27/03/2020;20131529008;SEKUR PERU S.A.;GUANTE PARA EXAMEN DESCARTABLE DE NITRILO SIN POLVO TALLA M;99200
27/03/2020;20505719396;Q-MEDICAL S.A.C;GUANTE PARA EXAMEN DESCARTABLE DE NITRILO SIN POLVO TALLA M;250000
27/03/2020;20601413761;DISPOSITIVOS GENERALES MEDICOS SANITARIOS S.A.C. - DIGEMED S.A.C.;GUANTE QUIRURGICO ESTERIL DESCARTABLE Nº 8;10200
27/03/2020;20601413761;DISPOSITIVOS GENERALES MEDICOS SANITARIOS S.A.C. - DIGEMED S.A.C.;GUANTE QUIRURGICO ESTERIL DESCARTABLE Nº  7;10200
27/03/2020;20338022850;DROCSA E.I.R.L.;CHAQUETA DESCARTABLE TALLA M;3100
27/03/2020;20338022850;DROCSA E.I.R.L.;MANDIL DESCARTABLE TALLA L;15000
27/03/2020;20503662869;TAGUMEDICA S.A.;GUANTE QUIRURGICO ESTERIL DESCARTABLE Nº  7 1/2;60000
27/03/2020;20266352337;PRODUCTOS TISSUE DEL PERU S.A.C - PROTISA-PERU;PAPEL TOALLA HOJA SIMPLE NATURAL X 300 m;15090
27/03/2020;20266352337;PRODUCTOS TISSUE DEL PERU S.A.C - PROTISA-PERU;PAPEL TOALLA HOJA SIMPLE NATURAL X 300 m;15090
30/03/2020;20602403867;POLYSTAR PERU S.A.C.;GUANTE PARA EXAMEN DESCARTABLE DE NITRILO SIN POLVO TALLA M;300000
30/03/2020;20515757504;GRUPO LISSA E.I.R.L.;PANTALÓN DESCARTABLE TALLA L;1800
30/03/2020;20509882101;CORPORACION ALESSANDRA S.A.C.;GORRO DESCARTABLE DE ENFERMERA;100000
30/03/2020;20509882101;CORPORACION ALESSANDRA S.A.C.;GUANTE QUIRURGICO ESTERIL DESCARTABLE Nº  7 1/2;58500
30/03/2020;20515757504;GRUPO LISSA E.I.R.L.;CHAQUETA DESCARTABLE TALLA M;1800
30/03/2020;20338022850;DROCSA E.I.R.L.;BOTA DESCARTABLE;30000
30/03/2020;20515757504;GRUPO LISSA E.I.R.L.;PANTALÓN DESCARTABLE TALLA M;1800
30/03/2020;20515757504;GRUPO LISSA E.I.R.L.;CHAQUETA DESCARTABLE TALLA L;1800
30/03/2020;20552427638;STERILAB DISTRIBUIDORA S.R.L.;MANDILÓN DESCARTABLE;220
31/03/2020;10423359159;ALFARO FAJARDO ALAN JOSEPH;LENTE DE PROTECCION DE POLICARBONATO;12000
31/03/2020;20131529181;SEGURINDUSTRIA S.A.;LENTE DE PROTECCION DE POLICARBONATO;3100
31/03/2020;20131529181;SEGURINDUSTRIA S.A.;LENTE DE PROTECCION DE POLICARBONATO;500
01/04/2020;20476029474;SIGMA ENTERPRISES PERU S.A.C.;GUANTE QUIRURGICO ESTERIL DESCARTABLE Nº  7 1/2;61900
01/04/2020;20600420063;DISTRIBUIDORA DE PRODUCTOS DESCARTABLES S.A.C.;MANDIL DESCARTABLE TALLA M;45000
01/04/2020;20600420063;DISTRIBUIDORA DE PRODUCTOS DESCARTABLES S.A.C.;MANDIL DESCARTABLE TALLA XL COLOR AZUL;45000
01/04/2020;20600420063;DISTRIBUIDORA DE PRODUCTOS DESCARTABLES S.A.C.;MANDIL DESCARTABLE TALLA L;45000
02/04/2020;20601413761;DISPOSITIVOS GENERALES MEDICOS SANITARIOS S.A.C. - DIGEMED S.A.C.;GUANTE QUIRURGICO ESTERIL DESCARTABLE Nº  7 1/2;10200
02/04/2020;20476029474;SIGMA ENTERPRISES PERU S.A.C.;GORRO DESCARTABLE DE ENFERMERA;7000
02/04/2020;20502790731;BARRON VIEYRA INTERNATIONAL PERU S.A.C.;CHAQUETA DESCARTABLE TALLA L;5900
02/04/2020;20502790731;BARRON VIEYRA INTERNATIONAL PERU S.A.C.;PANTALÓN DESCARTABLE TALLA L;5900
02/04/2020;20502790731;BARRON VIEYRA INTERNATIONAL PERU S.A.C.;CHAQUETA DESCARTABLE TALLA XL;900
02/04/2020;20502790731;BARRON VIEYRA INTERNATIONAL PERU S.A.C.;MANDIL DESCARTABLE TALLA XL COLOR AZUL;4900
02/04/2020;20502790731;BARRON VIEYRA INTERNATIONAL PERU S.A.C.;MANDIL DESCARTABLE TALLA M;8000
02/04/2020;20502790731;BARRON VIEYRA INTERNATIONAL PERU S.A.C.;PANTALÓN DESCARTABLE TALLA M;5400
02/04/2020;20502790731;BARRON VIEYRA INTERNATIONAL PERU S.A.C.;MANDIL DESCARTABLE TALLA L;7000
02/04/2020;20502790731;BARRON VIEYRA INTERNATIONAL PERU S.A.C.;CHAQUETA DESCARTABLE TALLA M;5400
02/04/2020;20502790731;BARRON VIEYRA INTERNATIONAL PERU S.A.C.;PANTALÓN DESCARTABLE TALLA XL;900
03/04/2020;20471476898;MULTIMEDICAL SUPPLIES SAC;MASCARILLA DESCARTABLE TIPO N-95;120000
03/04/2020;20338022850;DROCSA E.I.R.L.;GORRO DESCARTABLE DE ENFERMERA;1500000
03/04/2020;20338022850;DROCSA E.I.R.L.;CHAQUETA DESCARTABLE TALLA M;3000
03/04/2020;20524839645;REPRESENTACIONES GENERALES JHOVAN PERU SOCIEDAD ANONIMA CERRADA;MANDIL DESCARTABLE TALLA M;1000
03/04/2020;20524839645;REPRESENTACIONES GENERALES JHOVAN PERU SOCIEDAD ANONIMA CERRADA;PANTALÓN DESCARTABLE TALLA L;1000
03/04/2020;20524839645;REPRESENTACIONES GENERALES JHOVAN PERU SOCIEDAD ANONIMA CERRADA;MANDIL DESCARTABLE TALLA L;1000
03/04/2020;20524839645;REPRESENTACIONES GENERALES JHOVAN PERU SOCIEDAD ANONIMA CERRADA;CHAQUETA DESCARTABLE TALLA L;1000
03/04/2020;20524839645;REPRESENTACIONES GENERALES JHOVAN PERU SOCIEDAD ANONIMA CERRADA;PANTALÓN DESCARTABLE TALLA M;1000
03/04/2020;20524839645;REPRESENTACIONES GENERALES JHOVAN PERU SOCIEDAD ANONIMA CERRADA;CHAQUETA DESCARTABLE TALLA M;1000
03/04/2020;20266352337;PRODUCTOS TISSUE DEL PERU S.A.C - PROTISA-PERU;PAPEL TOALLA HOJA SIMPLE NATURAL X 300 m;38700
06/04/2020;20338022850;DROCSA E.I.R.L.;MASCARILLA DESCARTABLE QUIRURGICA 3 PLIEGUES;500000
07/04/2020;30556212705;GRUPO INDUSTRIAL POSEIDON S.A. DE C.V.;GUANTE QUIRURGICO ESTERIL DESCARTABLE Nº  7 1/2;202500
07/04/2020;20600420063;DISTRIBUIDORA DE PRODUCTOS DESCARTABLES S.A.C.;CHAQUETA DESCARTABLE TALLA L;30000
07/04/2020;20600420063;DISTRIBUIDORA DE PRODUCTOS DESCARTABLES S.A.C.;CHAQUETA DESCARTABLE TALLA M;30000
07/04/2020;20600420063;DISTRIBUIDORA DE PRODUCTOS DESCARTABLES S.A.C.;CHAQUETA DESCARTABLE TALLA XL;30000
08/04/2020;20338022850;DROCSA E.I.R.L.;MANDIL DESCARTABLE TALLA XL COLOR AZUL;20000
08/04/2020;20602830307;DROGUERIA FAVETEX S.A.C.;PANTALÓN DESCARTABLE TALLA M;35000
08/04/2020;20338022850;DROCSA E.I.R.L.;MANDIL DESCARTABLE TALLA L;20000
08/04/2020;20338022850;DROCSA E.I.R.L.;MANDIL DESCARTABLE TALLA M;20000
08/04/2020;20602830307;DROGUERIA FAVETEX S.A.C.;PANTALÓN DESCARTABLE TALLA L;35000
08/04/2020;20523717759;R & G SEGURIDAD E HIGIENE INDUSTRIAL S.A.C.;MASCARILLA DESCARTABLE QUIRURGICA 3 PLIEGUES;2000000
08/04/2020;20502143973;CORPORACION VALTAKS S.C.R.L.;MANDIL DESCARTABLE TALLA L;20000
08/04/2020;20603540205;GRUPO RUMEDIC S.A.C.;PANTALÓN DESCARTABLE TALLA M;20000
08/04/2020;20603540205;GRUPO RUMEDIC S.A.C.;CHAQUETA DESCARTABLE TALLA M;20000
08/04/2020;20523717759;R & G SEGURIDAD E HIGIENE INDUSTRIAL S.A.C.;MANDIL DESCARTABLE TALLA L;100000
08/04/2020;20523717759;R & G SEGURIDAD E HIGIENE INDUSTRIAL S.A.C.;GUANTE PARA EXAMEN DESCARTABLE DE NITRILO SIN POLVO TALLA M;2000000
08/04/2020;20523717759;R & G SEGURIDAD E HIGIENE INDUSTRIAL S.A.C.;MASCARILLA DESCARTABLE QUIRURGICA 3 PLIEGUES;5000000
08/04/2020;20266352337;PRODUCTOS TISSUE DEL PERU S.A.C - PROTISA-PERU;PAPEL TOALLA HOJA SIMPLE NATURAL X 300 m;38700
08/04/2020;20424084418;KA 'LINSON PERU S.A.C.;EQUIPO RESPIRADOR PURIFICADOR DE AIRE FORZADO;81
13/04/2020;20384759166;TEXPIMA S.A.C.;LENTE DE PROTECCION DE POLICARBONATO;50000
13/04/2020;20102026986;PLUMAS EIRL;CHAQUETA DESCARTABLE TALLA L;2000
13/04/2020;20102026986;PLUMAS EIRL;CHAQUETA DESCARTABLE TALLA XL;2000
13/04/2020;20102026986;PLUMAS EIRL;CHAQUETA DESCARTABLE TALLA XL;2000
13/04/2020;20102026986;PLUMAS EIRL;CHAQUETA DESCARTABLE TALLA M;2000
13/04/2020;20504575919;IMPORTACIONES ALPES PERU SOCIEDAD ANONIMA CERRADA;GORRO DESCARTABLE DE ENFERMERA;115800
14/04/2020;20559797317;DISTRIBUIDORA GALUMA S.A.C.;PANTALÓN DESCARTABLE TALLA L;30000
14/04/2020;20559797317;DISTRIBUIDORA GALUMA S.A.C.;PANTALÓN DESCARTABLE TALLA M;30000
15/04/2020;20503662869;TAGUMEDICA S.A.;GUANTE QUIRURGICO ESTERIL DESCARTABLE Nº  7;53948
15/04/2020;20503662869;TAGUMEDICA S.A.;GUANTE QUIRURGICO ESTERIL DESCARTABLE Nº 8;7480
15/04/2020;20604708002;EVOLUTION MEDICAL S.A.C;CHAQUETA DESCARTABLE TALLA L;20000
15/04/2020;20502143973;CORPORACION VALTAKS S.C.R.L.;PANTALÓN DESCARTABLE TALLA M;28000
15/04/2020;20502143973;CORPORACION VALTAKS S.C.R.L.;CHAQUETA DESCARTABLE TALLA M;28000
15/04/2020;20508699035;MCCO INTERNATIONAL BUSINESS S.A.C.;MAMELUCO DESCARTABLE TALLA XL;5000
15/04/2020;20508699035;MCCO INTERNATIONAL BUSINESS S.A.C.;MAMELUCO DESCARTABLE TALLA L;10500
15/04/2020;20508699035;MCCO INTERNATIONAL BUSINESS S.A.C.;MAMELUCO DESCARTABLE TALLA L;2300
15/04/2020;20508699035;MCCO INTERNATIONAL BUSINESS S.A.C.;GUANTE PARA EXAMEN DESCARTABLE DE NITRILO SIN POLVO TALLA M;37000
15/04/2020;20600530021;RONWAN PRODUC S.A.C.;CHAQUETA DESCARTABLE TALLA L;5000
15/04/2020;20600530021;RONWAN PRODUC S.A.C.;MANDIL DESCARTABLE TALLA M;10000
15/04/2020;20600530021;RONWAN PRODUC S.A.C.;MANDIL DESCARTABLE TALLA L;10000
15/04/2020;20600530021;RONWAN PRODUC S.A.C.;PANTALÓN DESCARTABLE TALLA M;5000
15/04/2020;20600530021;RONWAN PRODUC S.A.C.;CHAQUETA DESCARTABLE TALLA M;5000
15/04/2020;20600530021;RONWAN PRODUC S.A.C.;MANDIL DESCARTABLE TALLA XL COLOR AZUL;5000
15/04/2020;20600530021;RONWAN PRODUC S.A.C.;PANTALÓN DESCARTABLE TALLA L;5000
15/04/2020;20603300557;QUIMICOS Y LABORATORIOS VALENCIA LLERENA SOCIEDAD COMERCIAL DE RESPONSABILIDAD LIMITADA;MAMELUCO DESCARTABLE TALLA L;200
15/04/2020;20603300557;QUIMICOS Y LABORATORIOS VALENCIA LLERENA SOCIEDAD COMERCIAL DE RESPONSABILIDAD LIMITADA;MAMELUCO DESCARTABLE TALLA XL;250
15/04/2020;20266352337;PRODUCTOS TISSUE DEL PERU S.A.C - PROTISA-PERU;PAPEL TOALLA HOJA SIMPLE NATURAL X 300 m;38700
16/04/2020;20602232451;GLA SOLUCIONES S.A.C.;LENTE DE PROTECCION DE POLICARBONATO;50000
16/04/2020;20293847038;TEXTILES CAMONES S.A.;CHAQUETA DESCARTABLE TALLA M;80000
16/04/2020;20293847038;TEXTILES CAMONES S.A.;CHAQUETA DESCARTABLE TALLA XL;120000
16/04/2020;20293847038;TEXTILES CAMONES S.A.;CHAQUETA DESCARTABLE TALLA XL;120000
16/04/2020;20293847038;TEXTILES CAMONES S.A.;CHAQUETA DESCARTABLE TALLA L;80000
16/04/2020;20264592497;TEXGROUP S.A.;CHAQUETA DESCARTABLE TALLA L;60000
16/04/2020;20264592497;TEXGROUP S.A.;PANTALÓN DESCARTABLE TALLA M;120000
16/04/2020;20264592497;TEXGROUP S.A.;CHAQUETA DESCARTABLE TALLA M;120000
16/04/2020;20264592497;TEXGROUP S.A.;BOTA DESCARTABLE;75000
16/04/2020;20264592497;TEXGROUP S.A.;PANTALÓN DESCARTABLE TALLA L;60000
16/04/2020;20293847038;TEXTILES CAMONES S.A.;CHAQUETA DESCARTABLE TALLA L;60000
16/04/2020;20293847038;TEXTILES CAMONES S.A.;CHAQUETA DESCARTABLE TALLA M;60000
16/04/2020;20293847038;TEXTILES CAMONES S.A.;CHAQUETA DESCARTABLE TALLA XL;90000
16/04/2020;20293847038;TEXTILES CAMONES S.A.;CHAQUETA DESCARTABLE TALLA XL;90000
17/04/2020;20547668317;TEXTILES HEAWOK S.A.C;MAMELUCO DESCARTABLE TALLA L;20000
17/04/2020;20547668317;TEXTILES HEAWOK S.A.C;MAMELUCO DESCARTABLE TALLA XL;20000
17/04/2020;20547668317;TEXTILES HEAWOK S.A.C;MAMELUCO DESCARTABLE TALLA XL;20000
17/04/2020;20547668317;TEXTILES HEAWOK S.A.C;MAMELUCO DESCARTABLE TALLA M;20000
17/04/2020;20547668317;TEXTILES HEAWOK S.A.C;MAMELUCO DESCARTABLE TALLA L;20000
17/04/2020;20547668317;TEXTILES HEAWOK S.A.C;MAMELUCO DESCARTABLE TALLA M;20000
17/04/2020;20505719396;Q-MEDICAL S.A.C;GUANTE PARA EXAMEN DESCARTABLE DE NITRILO SIN POLVO TALLA M;200000
17/04/2020;20513433442;CORPORACION MORENO INTERNATIONAL GROUP SOCIEDAD ANONIMA CERRADA;CARETA PROTECTORA DE POLICARBONATO;100000
17/04/2020;20424084418;KA 'LINSON PERU S.A.C.;GAFA DE SEGURIDAD DE MONTURA INTEGRAL;3160
17/04/2020;20424084418;KA 'LINSON PERU S.A.C.;LENTE DE PROTECCION DE POLICARBONATO;1254
17/04/2020;20266352337;PRODUCTOS TISSUE DEL PERU S.A.C - PROTISA-PERU;PAPEL TOALLA HOJA SIMPLE NATURAL X 300 m;38700
17/04/2020;20603236549;TECHNOFLEX L & L S.A.C.;PAPEL TOALLA HOJA SIMPLE NATURAL X 300 m;70002
17/04/2020;20266352337;PRODUCTOS TISSUE DEL PERU S.A.C - PROTISA-PERU;PAPEL TOALLA HOJA SIMPLE NATURAL X 300 m;25200
17/04/2020;20266352337;PRODUCTOS TISSUE DEL PERU S.A.C - PROTISA-PERU;PAPEL TOALLA HOJA SIMPLE NATURAL X 300 m;29648
20/04/2020;20263368992;CYMED MEDICAL SAC;MASCARILLA DESCARTABLE TIPO N-95;17600
20/04/2020;20602830307;DROGUERIA FAVETEX S.A.C.;CHAQUETA DESCARTABLE TALLA M;30000
20/04/2020;20263368992;CYMED MEDICAL SAC;MASCARILLA DESCARTABLE TIPO N-95;660
20/04/2020;20602830307;DROGUERIA FAVETEX S.A.C.;PANTALÓN DESCARTABLE TALLA M;30000
20/04/2020;20423925028;MODAS DIVERSAS DEL PERU SAC;MANDIL DESCARTABLE TALLA M;12000
20/04/2020;20423925028;MODAS DIVERSAS DEL PERU SAC;MANDIL DESCARTABLE NO ESTÉRIL;4225
20/04/2020;20293847038;TEXTILES CAMONES S.A.;PANTALÓN DESCARTABLE TALLA M;34000
20/04/2020;20601413761;DISPOSITIVOS GENERALES MEDICOS SANITARIOS S.A.C. - DIGEMED S.A.C.;GUANTE QUIRURGICO ESTERIL DESCARTABLE Nº 8;1500
20/04/2020;20293847038;TEXTILES CAMONES S.A.;PANTALÓN DESCARTABLE TALLA L;34000
20/04/2020;20293847038;TEXTILES CAMONES S.A.;PANTALÓN DESCARTABLE TALLA XL;51000
20/04/2020;20423925028;MODAS DIVERSAS DEL PERU SAC;MANDIL DESCARTABLE TALLA XL COLOR AZUL;12000
20/04/2020;20601413761;DISPOSITIVOS GENERALES MEDICOS SANITARIOS S.A.C. - DIGEMED S.A.C.;GUANTE QUIRURGICO ESTERIL DESCARTABLE Nº  7 1/2;5500
20/04/2020;20423925028;MODAS DIVERSAS DEL PERU SAC;MANDIL DESCARTABLE TALLA L;12000
20/04/2020;20293847038;TEXTILES CAMONES S.A.;PANTALÓN DESCARTABLE TALLA XXL;51000
21/04/2020;20423925028;MODAS DIVERSAS DEL PERU SAC;MAMELUCO DESCARTABLE TALLA L;12500
21/04/2020;20433546394;EDALMI S.A.C.;GAFA DE SEGURIDAD DE MONTURA INTEGRAL;19247
21/04/2020;20424084418;KA 'LINSON PERU S.A.C.;CAPUCHA DE POLIPROPILENO NO TEJIDO PARA EQUIPO DE PROTECCIÓN RESPIRATORIA;125
22/04/2020;20131529181;SEGURINDUSTRIA S.A.;LENTE DE PROTECCION DE POLICARBONATO;8000
22/04/2020;20131529181;SEGURINDUSTRIA S.A.;LENTE DE PROTECCION DE POLICARBONATO;2000
22/04/2020;20131529181;SEGURINDUSTRIA S.A.;LENTE DE PROTECCION DE POLICARBONATO;400
22/04/2020;20131529181;SEGURINDUSTRIA S.A.;LENTE DE PROTECCION DE POLICARBONATO;900
22/04/2020;20131529181;SEGURINDUSTRIA S.A.;LENTE DE PROTECCION DE POLICARBONATO;8000
22/04/2020;20131529181;SEGURINDUSTRIA S.A.;LENTE DE PROTECCION DE POLICARBONATO;10000
27/04/2020;10753825113;ALDAZ SANTOS TATIANA SOFIA;MAMELUCO DESCARTABLE TALLA L;15000
27/04/2020;10753825113;ALDAZ SANTOS TATIANA SOFIA;MAMELUCO DESCARTABLE TALLA XL;15000
27/04/2020;20293847038;TEXTILES CAMONES S.A.;CHAQUETA DESCARTABLE TALLA XL;115000
27/04/2020;20293847038;TEXTILES CAMONES S.A.;CHAQUETA DESCARTABLE TALLA XL;115000
27/04/2020;20293847038;TEXTILES CAMONES S.A.;CHAQUETA DESCARTABLE TALLA M;115000
27/04/2020;20293847038;TEXTILES CAMONES S.A.;CHAQUETA DESCARTABLE TALLA L;115000
28/04/2020;20523717759;R & G SEGURIDAD E HIGIENE INDUSTRIAL S.A.C.;MAMELUCO DESCARTABLE TALLA L;3600
28/04/2020;20523717759;R & G SEGURIDAD E HIGIENE INDUSTRIAL S.A.C.;MAMELUCO DESCARTABLE TALLA L;26744
28/04/2020;20602232451;GLA SOLUCIONES S.A.C.;LENTE DE PROTECCION DE POLICARBONATO;500000
29/04/2020;20523717759;R & G SEGURIDAD E HIGIENE INDUSTRIAL S.A.C.;MAMELUCO DESCARTABLE TALLA L;19656
04/05/2020;20601081254;SMALL BEN S.A.C.;CHAQUETA DESCARTABLE TALLA L;20000
04/05/2020;20101635440;COTTON KNIT S.A.C.;PANTALÓN DESCARTABLE TALLA XXL;1300
04/05/2020;20101635440;COTTON KNIT S.A.C.;CHAQUETA DESCARTABLE TALLA XL;1300
04/05/2020;20101635440;COTTON KNIT S.A.C.;PANTALÓN DESCARTABLE TALLA XL;2600
04/05/2020;20101635440;COTTON KNIT S.A.C.;PANTALÓN DESCARTABLE TALLA L;2600
04/05/2020;20101635440;COTTON KNIT S.A.C.;CHAQUETA DESCARTABLE TALLA XL;2600
04/05/2020;20101635440;COTTON KNIT S.A.C.;PANTALÓN DESCARTABLE TALLA M;1300
04/05/2020;20101635440;COTTON KNIT S.A.C.;CHAQUETA DESCARTABLE TALLA L;2600
04/05/2020;20101635440;COTTON KNIT S.A.C.;CHAQUETA DESCARTABLE TALLA M;1300
04/05/2020;20171586608;DISTRIBUIDORA DROGUERIA SAGITARIO S.R.L.;HIDROXICLOROQUINA SULFATO 200 mg (Equiv. 155 mg hidroxicloroquina) TAB;5989410
05/05/2020;20522333051;PHARMACEUTICAL DISTOLOZA S.A.;METILPREDNISOLONA 500 mg INY 8 mL;17828
05/05/2020;20523717759;R & G SEGURIDAD E HIGIENE INDUSTRIAL S.A.C.;MASCARILLA DESCARTABLE QUIRURGICA 3 PLIEGUES;3000000
05/05/2020;20338022850;DROCSA E.I.R.L.;GORRO DESCARTABLE DE ENFERMERA;1000000
05/05/2020;20603540205;GRUPO RUMEDIC S.A.C.;CHAQUETA DESCARTABLE TALLA M;40000
05/05/2020;20603540205;GRUPO RUMEDIC S.A.C.;PANTALÓN DESCARTABLE TALLA M;40000
06/05/2020;20603155476;PHARMATECH LOGISTIC S.A.C.;CHAQUETA DESCARTABLE TALLA L;12000
06/05/2020;20605321616;TEXTILES & MODA GUSTAVO E.I.R.L.;BOTA DESCARTABLE;20000
07/05/2020;20601579228;TEXTILES EDCE S.A.C.;MAMELUCO DESCARTABLE TALLA XL;27700
07/05/2020;20293847038;TEXTILES CAMONES S.A.;CHAQUETA DESCARTABLE TALLA M;79036
07/05/2020;20293847038;TEXTILES CAMONES S.A.;CHAQUETA DESCARTABLE TALLA L;120000
07/05/2020;20293847038;TEXTILES CAMONES S.A.;CHAQUETA DESCARTABLE TALLA XL;120000
07/05/2020;20293847038;TEXTILES CAMONES S.A.;CHAQUETA DESCARTABLE TALLA XL;120000
07/05/2020;20601579228;TEXTILES EDCE S.A.C.;MAMELUCO DESCARTABLE TALLA M;4600
07/05/2020;20171586608;DISTRIBUIDORA DROGUERIA SAGITARIO S.R.L.;ENOXAPARINA SODICA 40 mg/0.4 mL INY 0.4 mL;50000
07/05/2020;20171586608;DISTRIBUIDORA DROGUERIA SAGITARIO S.R.L.;ENOXAPARINA SODICA 60 mg/0.6 mL INY 0.6 mL;310000
07/05/2020;20171586608;DISTRIBUIDORA DROGUERIA SAGITARIO S.R.L.;METILPREDNISOLONA 500 mg INY 8 mL;40000
08/05/2020;20100096855;SANOFI-AVENTIS DEL PERU S.A;AZITROMICINA 500 MG TAB;116000
08/05/2020;20102026986;PLUMAS EIRL;BOTA DESCARTABLE;30000
08/05/2020;20600645685;PUGAROCHA WORLD TRADE CORPORATION S.A.C.;BOTA DESCARTABLE;10000
08/05/2020;20601413761;DISPOSITIVOS GENERALES MEDICOS SANITARIOS S.A.C. - DIGEMED S.A.C.;GUANTE QUIRURGICO ESTERIL DESCARTABLE Nº  7 1/2;7500
08/05/2020;20601579228;TEXTILES EDCE S.A.C.;MAMELUCO DESCARTABLE TALLA L;27700
08/05/2020;20293847038;TEXTILES CAMONES S.A.;CHAQUETA DESCARTABLE TALLA L;28080
11/05/2020;20433546394;EDALMI S.A.C.;LENTE DE PROTECCION DE POLICARBONATO;150000
14/05/2020;20102026986;PLUMAS EIRL;BOTA DESCARTABLE;40000
15/05/2020;20509882101;CORPORACION ALESSANDRA S.A.C.;LENTE DE PROTECCION DE POLICARBONATO;1300
18/05/2020;30556212745;BLUE SEA SHIP SERVICE;LENTES PROTECTORES DE POLICARBONATO;108206
18/05/2020;30556212745;BLUE SEA SHIP SERVICE;LENTES PROTECTORES DE POLICARBONATO;849294
18/05/2020;20523717759;R & G SEGURIDAD E HIGIENE INDUSTRIAL S.A.C.;GUANTE PARA EXAMEN DESCARTABLE DE NITRILO SIN POLVO TALLA M;500000
